artist_name,artist_id,album_id,album_type,album_images,album_release_date,album_release_year,album_release_date_precision,danceability,energy,key,loudness,mode,speechiness,acousticness,instrumentalness,liveness,valence,tempo,track_id,analysis_url,time_signature,artists,available_markets,disc_number,duration_ms,explicit,track_href,track_name,track_preview_url,track_number,type,track_uri,is_local,external_urls.spotify,album_name,key_name,mode_name,key_mode
The Strokes,0epOFNiUfyON9EYx7Tpr6V,2j5jqlI0NvqlXAy9C740pZ,album,,2023-02-24,2023,day,0.493,0.787,2,-7.712,1,0.0334,0.0224,0.00227,0.253,0.88,160.12,5KIYVXGdws1ZhZYNJHo0st,https://api.spotify.com/v1/audio-analysis/5KIYVXGdws1ZhZYNJHo0st,4,,,1,192853,FALSE,https://api.spotify.com/v1/tracks/5KIYVXGdws1ZhZYNJHo0st,The Modern Age - Rough Trade Version,https://p.scdn.co/mp3-preview/e7cf6696e2ae48ae59484d09f1bab8bd96e50701?cid=e3b6483c2c684a25a1191721925a2fa2,1,track,spotify:track:5KIYVXGdws1ZhZYNJHo0st,FALSE,https://open.spotify.com/track/5KIYVXGdws1ZhZYNJHo0st,The Singles - Volume 01,D,major,D major
The Strokes,0epOFNiUfyON9EYx7Tpr6V,2j5jqlI0NvqlXAy9C740pZ,album,,2023-02-24,2023,day,0.399,0.745,0,-7.497,1,0.0329,0.0438,0,0.112,0.514,207.923,0V40nmTfhHj1PznhO0dDho,https://api.spotify.com/v1/audio-analysis/0V40nmTfhHj1PznhO0dDho,4,,,1,198549,FALSE,https://api.spotify.com/v1/tracks/0V40nmTfhHj1PznhO0dDho,Last Nite - Rough Trade Version - The Modern Age B-Side,https://p.scdn.co/mp3-preview/febc3876d8b862210a71be04ddcfaa4f0b46bcfe?cid=e3b6483c2c684a25a1191721925a2fa2,2,track,spotify:track:0V40nmTfhHj1PznhO0dDho,FALSE,https://open.spotify.com/track/0V40nmTfhHj1PznhO0dDho,The Singles - Volume 01,C,major,C major
The Strokes,0epOFNiUfyON9EYx7Tpr6V,2j5jqlI0NvqlXAy9C740pZ,album,,2023-02-24,2023,day,0.407,0.686,7,-6.266,1,0.0558,4.2e-4,0.837,0.0764,0.662,82.495,0ILknNMr0j0cCFKv6rcG12,https://api.spotify.com/v1/audio-analysis/0ILknNMr0j0cCFKv6rcG12,4,,,2,224411,FALSE,https://api.spotify.com/v1/tracks/0ILknNMr0j0cCFKv6rcG12,Hard To Explain,https://p.scdn.co/mp3-preview/994c9d4dd3c9f30b68ad56dec1acc55c6970dc2e?cid=e3b6483c2c684a25a1191721925a2fa2,1,track,spotify:track:0ILknNMr0j0cCFKv6rcG12,FALSE,https://open.spotify.com/track/0ILknNMr0j0cCFKv6rcG12,The Singles - Volume 01,G,major,G major
The Strokes,0epOFNiUfyON9EYx7Tpr6V,2j5jqlI0NvqlXAy9C740pZ,album,,2023-02-24,2023,day,0.52,0.842,0,-7.664,1,0.0352,0.0633,4.49e-5,0.384,0.512,107.958,1aO0sdeJmK4XQM5Ft7TkTg,https://api.spotify.com/v1/audio-analysis/1aO0sdeJmK4XQM5Ft7TkTg,4,,,2,209505,TRUE,https://api.spotify.com/v1/tracks/1aO0sdeJmK4XQM5Ft7TkTg,New York City Cops (Hard to Explain B-Side),https://p.scdn.co/mp3-preview/8ade377406e7016e1197690925bdc3e38805935b?cid=e3b6483c2c684a25a1191721925a2fa2,2,track,spotify:track:1aO0sdeJmK4XQM5Ft7TkTg,FALSE,https://open.spotify.com/track/1aO0sdeJmK4XQM5Ft7TkTg,The Singles - Volume 01,C,major,C major
The Strokes,0epOFNiUfyON9EYx7Tpr6V,2j5jqlI0NvqlXAy9C740pZ,album,,2023-02-24,2023,day,0.624,0.899,0,-5.709,1,0.0296,0.0221,1.37e-4,0.0975,0.79,104.061,03ev8WBPzDr9KJDdNhSHz9,https://api.spotify.com/v1/audio-analysis/03ev8WBPzDr9KJDdNhSHz9,4,,,3,193373,FALSE,https://api.spotify.com/v1/tracks/03ev8WBPzDr9KJDdNhSHz9,Last Nite,https://p.scdn.co/mp3-preview/b7c03364f275cf918bdf57c00a5d72ccdb766d68?cid=e3b6483c2c684a25a1191721925a2fa2,1,track,spotify:track:03ev8WBPzDr9KJDdNhSHz9,FALSE,https://open.spotify.com/track/03ev8WBPzDr9KJDdNhSHz9,The Singles - Volume 01,C,major,C major
The Strokes,0epOFNiUfyON9EYx7Tpr6V,2j5jqlI0NvqlXAy9C740pZ,album,,2023-02-24,2023,day,0.721,0.654,0,-8.107,1,0.0329,0.268,0.00392,0.15,0.903,131.961,3mU9Pjls8PszKKmrwhTG78,https://api.spotify.com/v1/audio-analysis/3mU9Pjls8PszKKmrwhTG78,4,,,3,175200,FALSE,https://api.spotify.com/v1/tracks/3mU9Pjls8PszKKmrwhTG78,When It Started (Last Nite B-Side),https://p.scdn.co/mp3-preview/16fe59f0a409e1728b8e6782c764ff92837b8f5f?cid=e3b6483c2c684a25a1191721925a2fa2,2,track,spotify:track:3mU9Pjls8PszKKmrwhTG78,FALSE,https://open.spotify.com/track/3mU9Pjls8PszKKmrwhTG78,The Singles - Volume 01,C,major,C major
The Strokes,0epOFNiUfyON9EYx7Tpr6V,2j5jqlI0NvqlXAy9C740pZ,album,,2023-02-24,2023,day,0.542,0.53,9,-7.468,1,0.0302,0.00362,0,0.361,0.65,105.981,30RnpgACKEC9LTWEe0ShTl,https://api.spotify.com/v1/audio-analysis/30RnpgACKEC9LTWEe0ShTl,4,,,4,183487,FALSE,https://api.spotify.com/v1/tracks/30RnpgACKEC9LTWEe0ShTl,Someday,https://p.scdn.co/mp3-preview/9443b70b9b4d2446cfbe4c4ae5d0931979ef6249?cid=e3b6483c2c684a25a1191721925a2fa2,1,track,spotify:track:30RnpgACKEC9LTWEe0ShTl,FALSE,https://open.spotify.com/track/30RnpgACKEC9LTWEe0ShTl,The Singles - Volume 01,A,major,A major
The Strokes,0epOFNiUfyON9EYx7Tpr6V,2j5jqlI0NvqlXAy9C740pZ,album,,2023-02-24,2023,day,0.501,0.643,9,-7.511,0,0.0268,0.0445,0.209,0.311,0.637,143.324,4Nv3DAqf83IReHmClSH00V,https://api.spotify.com/v1/audio-analysis/4Nv3DAqf83IReHmClSH00V,4,,,4,197137,FALSE,https://api.spotify.com/v1/tracks/4Nv3DAqf83IReHmClSH00V,"Alone, Together - Home Recording - Someday B-Side",https://p.scdn.co/mp3-preview/e38154ccd0373488bdf5b54b2bae4208caa4ee60?cid=e3b6483c2c684a25a1191721925a2fa2,2,track,spotify:track:4Nv3DAqf83IReHmClSH00V,FALSE,https://open.spotify.com/track/4Nv3DAqf83IReHmClSH00V,The Singles - Volume 01,A,minor,A minor
The Strokes,0epOFNiUfyON9EYx7Tpr6V,2j5jqlI0NvqlXAy9C740pZ,album,,2023-02-24,2023,day,0.348,0.388,4,-7.232,1,0.0635,0.189,0,0.192,0.91,209.063,6IjI1wt0hzuAf1dZTd6Ju8,https://api.spotify.com/v1/audio-analysis/6IjI1wt0hzuAf1dZTd6Ju8,4,,,4,72664,FALSE,https://api.spotify.com/v1/tracks/6IjI1wt0hzuAf1dZTd6Ju8,Is This It - Home Recording - Someday B-Side,https://p.scdn.co/mp3-preview/d1633434f8f204a254d1968e8781a0fba7534ece?cid=e3b6483c2c684a25a1191721925a2fa2,3,track,spotify:track:6IjI1wt0hzuAf1dZTd6Ju8,FALSE,https://open.spotify.com/track/6IjI1wt0hzuAf1dZTd6Ju8,The Singles - Volume 01,E,major,E major
The Strokes,0epOFNiUfyON9EYx7Tpr6V,2j5jqlI0NvqlXAy9C740pZ,album,,2023-02-24,2023,day,0.452,0.863,4,-3.864,1,0.0387,0.321,0.796,0.331,0.58,145.008,2b4lQrOhcM7Sw49e0qG1nV,https://api.spotify.com/v1/audio-analysis/2b4lQrOhcM7Sw49e0qG1nV,4,,,5,146841,FALSE,https://api.spotify.com/v1/tracks/2b4lQrOhcM7Sw49e0qG1nV,12:51,https://p.scdn.co/mp3-preview/92879c963bddae5bc725767a21e39ab3f2d4719b?cid=e3b6483c2c684a25a1191721925a2fa2,1,track,spotify:track:2b4lQrOhcM7Sw49e0qG1nV,FALSE,https://open.spotify.com/track/2b4lQrOhcM7Sw49e0qG1nV,The Singles - Volume 01,E,major,E major
The Strokes,0epOFNiUfyON9EYx7Tpr6V,2j5jqlI0NvqlXAy9C740pZ,album,,2023-02-24,2023,day,0.661,0.994,4,-6.081,1,0.127,0.153,0.783,0.0822,0.161,133.984,1N69jb6aVka6678wLZzB4i,https://api.spotify.com/v1/audio-analysis/1N69jb6aVka6678wLZzB4i,4,,,5,76985,FALSE,https://api.spotify.com/v1/tracks/1N69jb6aVka6678wLZzB4i,The Way It Is - Home Recording - 12:51 B-Side,https://p.scdn.co/mp3-preview/7e09d49d041389e96d5e3fc062670c6e9c82590a?cid=e3b6483c2c684a25a1191721925a2fa2,2,track,spotify:track:1N69jb6aVka6678wLZzB4i,FALSE,https://open.spotify.com/track/1N69jb6aVka6678wLZzB4i,The Singles - Volume 01,E,major,E major
The Strokes,0epOFNiUfyON9EYx7Tpr6V,2j5jqlI0NvqlXAy9C740pZ,album,,2023-02-24,2023,day,0.491,0.645,9,-5.114,1,0.0329,6.43e-4,0.693,0.105,0.756,158.035,1Sl4OsD0F6Iy91YBDQyOzl,https://api.spotify.com/v1/audio-analysis/1Sl4OsD0F6Iy91YBDQyOzl,4,,,6,215324,FALSE,https://api.spotify.com/v1/tracks/1Sl4OsD0F6Iy91YBDQyOzl,Reptilia,https://p.scdn.co/mp3-preview/93dd276ed687c69c0d52283a6b87f900571c4dc7?cid=e3b6483c2c684a25a1191721925a2fa2,1,track,spotify:track:1Sl4OsD0F6Iy91YBDQyOzl,FALSE,https://open.spotify.com/track/1Sl4OsD0F6Iy91YBDQyOzl,The Singles - Volume 01,A,major,A major
The Strokes,0epOFNiUfyON9EYx7Tpr6V,2j5jqlI0NvqlXAy9C740pZ,album,,2023-02-24,2023,day,0.507,0.602,9,-4.222,1,0.029,0.0212,0.561,0.0541,0.325,110.897,5hNW46qZA7BcZ2qf6lbhNm,https://api.spotify.com/v1/audio-analysis/5hNW46qZA7BcZ2qf6lbhNm,4,,,6,218417,FALSE,https://api.spotify.com/v1/tracks/5hNW46qZA7BcZ2qf6lbhNm,Modern Girls & Old Fashion Men - Reptilia B-Side,https://p.scdn.co/mp3-preview/1d6c795aa39d2d5cddc655ba4990011ab497ac5d?cid=e3b6483c2c684a25a1191721925a2fa2,2,track,spotify:track:5hNW46qZA7BcZ2qf6lbhNm,FALSE,https://open.spotify.com/track/5hNW46qZA7BcZ2qf6lbhNm,The Singles - Volume 01,A,major,A major
The Strokes,0epOFNiUfyON9EYx7Tpr6V,2j5jqlI0NvqlXAy9C740pZ,album,,2023-02-24,2023,day,0.527,0.644,1,-3.727,1,0.0355,5.88e-4,0.843,0.32,0.573,136.007,5aAOtPhYRXlBE5H3mboB8v,https://api.spotify.com/v1/audio-analysis/5aAOtPhYRXlBE5H3mboB8v,4,,,7,180048,FALSE,https://api.spotify.com/v1/tracks/5aAOtPhYRXlBE5H3mboB8v,The End Has No End,https://p.scdn.co/mp3-preview/ed53345e51a3a684dc62d2dd6e33cf9a84a7b893?cid=e3b6483c2c684a25a1191721925a2fa2,1,track,spotify:track:5aAOtPhYRXlBE5H3mboB8v,FALSE,https://open.spotify.com/track/5aAOtPhYRXlBE5H3mboB8v,The Singles - Volume 01,C#,major,C# major
The Strokes,0epOFNiUfyON9EYx7Tpr6V,2j5jqlI0NvqlXAy9C740pZ,album,,2023-02-24,2023,day,0.267,0.417,2,-5.744,1,0.0725,0.389,0.593,0.468,0.492,148.304,2NpASZ796KewPmSDMHDhPN,https://api.spotify.com/v1/audio-analysis/2NpASZ796KewPmSDMHDhPN,4,,,7,249480,FALSE,https://api.spotify.com/v1/tracks/2NpASZ796KewPmSDMHDhPN,"Clampdown - The End Has No End B-Side / Live at Alexandra Palace, London, UK - Dec. 5, 2003",https://p.scdn.co/mp3-preview/edca405ea27ee812b51bca8689b2b690a5574fea?cid=e3b6483c2c684a25a1191721925a2fa2,2,track,spotify:track:2NpASZ796KewPmSDMHDhPN,FALSE,https://open.spotify.com/track/2NpASZ796KewPmSDMHDhPN,The Singles - Volume 01,D,major,D major
The Strokes,0epOFNiUfyON9EYx7Tpr6V,2j5jqlI0NvqlXAy9C740pZ,album,,2023-02-24,2023,day,0.453,0.984,2,-2.376,0,0.125,0.00136,0.00584,0.0844,0.574,155.035,2hcDYqyw8L7zJaZ6n8dzIZ,https://api.spotify.com/v1/audio-analysis/2hcDYqyw8L7zJaZ6n8dzIZ,4,,,8,194183,FALSE,https://api.spotify.com/v1/tracks/2hcDYqyw8L7zJaZ6n8dzIZ,Juicebox,https://p.scdn.co/mp3-preview/57c000600005de7290b1fd9eb65f25f36f125f42?cid=e3b6483c2c684a25a1191721925a2fa2,1,track,spotify:track:2hcDYqyw8L7zJaZ6n8dzIZ,FALSE,https://open.spotify.com/track/2hcDYqyw8L7zJaZ6n8dzIZ,The Singles - Volume 01,D,minor,D minor
The Strokes,0epOFNiUfyON9EYx7Tpr6V,2j5jqlI0NvqlXAy9C740pZ,album,,2023-02-24,2023,day,0.301,0.87,9,-5.942,1,0.047,7.17e-5,0.601,0.272,0.175,170.003,6s9oj6aPupVSA1CSaaVZZL,https://api.spotify.com/v1/audio-analysis/6s9oj6aPupVSA1CSaaVZZL,4,,,8,232562,FALSE,https://api.spotify.com/v1/tracks/6s9oj6aPupVSA1CSaaVZZL,Hawaii - Juicebox B-Side,https://p.scdn.co/mp3-preview/448d9d1af2fd0c204708c3a10b8fe9b7ee992bef?cid=e3b6483c2c684a25a1191721925a2fa2,2,track,spotify:track:6s9oj6aPupVSA1CSaaVZZL,FALSE,https://open.spotify.com/track/6s9oj6aPupVSA1CSaaVZZL,The Singles - Volume 01,A,major,A major
The Strokes,0epOFNiUfyON9EYx7Tpr6V,2j5jqlI0NvqlXAy9C740pZ,album,,2023-02-24,2023,day,0.425,0.856,8,-5.135,1,0.0394,2.91e-6,0.833,0.377,0.125,140.058,3gTqF4Y2IzGuHbAcbjlv69,https://api.spotify.com/v1/audio-analysis/3gTqF4Y2IzGuHbAcbjlv69,4,,,9,206428,FALSE,https://api.spotify.com/v1/tracks/3gTqF4Y2IzGuHbAcbjlv69,Heart In a Cage,https://p.scdn.co/mp3-preview/138534a81ecc8aa5b2f05c43c04130eaf71ed096?cid=e3b6483c2c684a25a1191721925a2fa2,1,track,spotify:track:3gTqF4Y2IzGuHbAcbjlv69,FALSE,https://open.spotify.com/track/3gTqF4Y2IzGuHbAcbjlv69,The Singles - Volume 01,G#,major,G# major
The Strokes,0epOFNiUfyON9EYx7Tpr6V,2j5jqlI0NvqlXAy9C740pZ,album,,2023-02-24,2023,day,0.468,0.264,0,-9.958,1,0.0503,0.985,0.0109,0.172,0.324,119.422,1L0C3xvOtzHSOSZ5T59n0L,https://api.spotify.com/v1/audio-analysis/1L0C3xvOtzHSOSZ5T59n0L,4,,,9,194651,FALSE,https://api.spotify.com/v1/tracks/1L0C3xvOtzHSOSZ5T59n0L,"I'll Try Anything Once (""You Only Live Once"" demo) - Heart In a Cage B-Side",https://p.scdn.co/mp3-preview/4a867408bbd981565c669550709dd1f28b9b02ba?cid=e3b6483c2c684a25a1191721925a2fa2,2,track,spotify:track:1L0C3xvOtzHSOSZ5T59n0L,FALSE,https://open.spotify.com/track/1L0C3xvOtzHSOSZ5T59n0L,The Singles - Volume 01,C,major,C major
The Strokes,0epOFNiUfyON9EYx7Tpr6V,2j5jqlI0NvqlXAy9C740pZ,album,,2023-02-24,2023,day,0.63,0.907,11,-2.42,1,0.0326,0.0243,0.599,0.118,0.968,120.526,0j2ETZsGM21Q3wKpVNBVJN,https://api.spotify.com/v1/audio-analysis/0j2ETZsGM21Q3wKpVNBVJN,4,,,10,186304,FALSE,https://api.spotify.com/v1/tracks/0j2ETZsGM21Q3wKpVNBVJN,You Only Live Once,https://p.scdn.co/mp3-preview/c13b4e764cdc69ca4f04d1cb46a705627cd1f93b?cid=e3b6483c2c684a25a1191721925a2fa2,1,track,spotify:track:0j2ETZsGM21Q3wKpVNBVJN,FALSE,https://open.spotify.com/track/0j2ETZsGM21Q3wKpVNBVJN,The Singles - Volume 01,B,major,B major
The Strokes,0epOFNiUfyON9EYx7Tpr6V,2j5jqlI0NvqlXAy9C740pZ,album,,2023-02-24,2023,day,0.449,0.875,10,-5.347,0,0.062,6.9e-6,0.145,0.0664,0.804,91.956,2sXWm9aau5alAxKifepUpA,https://api.spotify.com/v1/audio-analysis/2sXWm9aau5alAxKifepUpA,4,,,10,157920,FALSE,https://api.spotify.com/v1/tracks/2sXWm9aau5alAxKifepUpA,Mercy Mercy Me (The Ecology) - You Only Live Once B-Side,https://p.scdn.co/mp3-preview/0bfa62d64c153f5ded33380e9b7f016fd7a3c774?cid=e3b6483c2c684a25a1191721925a2fa2,2,track,spotify:track:2sXWm9aau5alAxKifepUpA,FALSE,https://open.spotify.com/track/2sXWm9aau5alAxKifepUpA,The Singles - Volume 01,A#,minor,A# minor
The Strokes,0epOFNiUfyON9EYx7Tpr6V,2xkZV2Hl1Omi8rk2D7t5lN,album,,2020-04-10,2020,day,0.593,0.749,5,-5.67,1,0.0475,0.0113,0.106,0.314,0.649,164.959,5ruzrDWcT0vuJIOMW7gMnW,https://api.spotify.com/v1/audio-analysis/5ruzrDWcT0vuJIOMW7gMnW,4,,,1,309053,FALSE,https://api.spotify.com/v1/tracks/5ruzrDWcT0vuJIOMW7gMnW,The Adults Are Talking,https://p.scdn.co/mp3-preview/213afafcea2fa6b5c7e5fd71c1fd8f4adc3ffba0?cid=e3b6483c2c684a25a1191721925a2fa2,1,track,spotify:track:5ruzrDWcT0vuJIOMW7gMnW,FALSE,https://open.spotify.com/track/5ruzrDWcT0vuJIOMW7gMnW,The New Abnormal,F,major,F major
The Strokes,0epOFNiUfyON9EYx7Tpr6V,2xkZV2Hl1Omi8rk2D7t5lN,album,,2020-04-10,2020,day,0.538,0.679,4,-4.297,1,0.0333,0.191,0.00175,0.0889,0.0888,121.99,2t0wwvR15fc3K1ey8OiOaN,https://api.spotify.com/v1/audio-analysis/2t0wwvR15fc3K1ey8OiOaN,4,,,1,222093,FALSE,https://api.spotify.com/v1/tracks/2t0wwvR15fc3K1ey8OiOaN,Selfless,https://p.scdn.co/mp3-preview/2d74e6d6368043c0ad8c601f94ea64743bb86e7c?cid=e3b6483c2c684a25a1191721925a2fa2,2,track,spotify:track:2t0wwvR15fc3K1ey8OiOaN,FALSE,https://open.spotify.com/track/2t0wwvR15fc3K1ey8OiOaN,The New Abnormal,E,major,E major
The Strokes,0epOFNiUfyON9EYx7Tpr6V,2xkZV2Hl1Omi8rk2D7t5lN,album,,2020-04-10,2020,day,0.628,0.571,0,-3.897,1,0.0628,0.00602,9.21e-5,0.0833,0.467,119.899,2mDYYGaGd9uXKkK2YhDA3i,https://api.spotify.com/v1/audio-analysis/2mDYYGaGd9uXKkK2YhDA3i,4,,,1,235946,FALSE,https://api.spotify.com/v1/tracks/2mDYYGaGd9uXKkK2YhDA3i,Brooklyn Bridge To Chorus,https://p.scdn.co/mp3-preview/fc60e8fce6d385376e73e393168c8c9fe60a5c4c?cid=e3b6483c2c684a25a1191721925a2fa2,3,track,spotify:track:2mDYYGaGd9uXKkK2YhDA3i,FALSE,https://open.spotify.com/track/2mDYYGaGd9uXKkK2YhDA3i,The New Abnormal,C,major,C major
The Strokes,0epOFNiUfyON9EYx7Tpr6V,2xkZV2Hl1Omi8rk2D7t5lN,album,,2020-04-10,2020,day,0.374,0.922,0,-3.4,1,0.056,0.0135,0.204,0.28,0.393,153.217,55N8cxpE1QDoeaaNqUnoZ2,https://api.spotify.com/v1/audio-analysis/55N8cxpE1QDoeaaNqUnoZ2,4,,,1,293360,FALSE,https://api.spotify.com/v1/tracks/55N8cxpE1QDoeaaNqUnoZ2,Bad Decisions,https://p.scdn.co/mp3-preview/b020bdc9f82e8277c9b441172b6d1fecabda7347?cid=e3b6483c2c684a25a1191721925a2fa2,4,track,spotify:track:55N8cxpE1QDoeaaNqUnoZ2,FALSE,https://open.spotify.com/track/55N8cxpE1QDoeaaNqUnoZ2,The New Abnormal,C,major,C major
The Strokes,0epOFNiUfyON9EYx7Tpr6V,2xkZV2Hl1Omi8rk2D7t5lN,album,,2020-04-10,2020,day,0.617,0.78,7,-4.466,0,0.0376,0.0141,0.0112,0.0833,0.326,93.951,6IRzBP4gVoV4D2zHmocoWy,https://api.spotify.com/v1/audio-analysis/6IRzBP4gVoV4D2zHmocoWy,4,,,1,375320,FALSE,https://api.spotify.com/v1/tracks/6IRzBP4gVoV4D2zHmocoWy,Eternal Summer,https://p.scdn.co/mp3-preview/7a625ba24a7595514d78beafc9a615739980c1a9?cid=e3b6483c2c684a25a1191721925a2fa2,5,track,spotify:track:6IRzBP4gVoV4D2zHmocoWy,FALSE,https://open.spotify.com/track/6IRzBP4gVoV4D2zHmocoWy,The New Abnormal,G,minor,G minor
The Strokes,0epOFNiUfyON9EYx7Tpr6V,2xkZV2Hl1Omi8rk2D7t5lN,album,,2020-04-10,2020,day,0.456,0.323,10,-6.764,1,0.0318,0.858,0.00913,0.146,0.363,116.903,7lu6YLrlB1MU7HW8DJSuPa,https://api.spotify.com/v1/audio-analysis/7lu6YLrlB1MU7HW8DJSuPa,4,,,1,310373,FALSE,https://api.spotify.com/v1/tracks/7lu6YLrlB1MU7HW8DJSuPa,At The Door,https://p.scdn.co/mp3-preview/43e879a43811bf2d86306e2982929d0eff2af03b?cid=e3b6483c2c684a25a1191721925a2fa2,6,track,spotify:track:7lu6YLrlB1MU7HW8DJSuPa,FALSE,https://open.spotify.com/track/7lu6YLrlB1MU7HW8DJSuPa,The New Abnormal,A#,major,A# major
The Strokes,0epOFNiUfyON9EYx7Tpr6V,2xkZV2Hl1Omi8rk2D7t5lN,album,,2020-04-10,2020,day,0.579,0.714,0,-4.455,1,0.0347,0.00258,0.0269,0.111,0.299,109.971,1aOxOpH4AkGAd8OMrKjyNY,https://api.spotify.com/v1/audio-analysis/1aOxOpH4AkGAd8OMrKjyNY,4,,,1,275666,FALSE,https://api.spotify.com/v1/tracks/1aOxOpH4AkGAd8OMrKjyNY,Why Are Sundays So Depressing,https://p.scdn.co/mp3-preview/455acaee128458b8ff84add5136c250d26f7a8b3?cid=e3b6483c2c684a25a1191721925a2fa2,7,track,spotify:track:1aOxOpH4AkGAd8OMrKjyNY,FALSE,https://open.spotify.com/track/1aOxOpH4AkGAd8OMrKjyNY,The New Abnormal,C,major,C major
The Strokes,0epOFNiUfyON9EYx7Tpr6V,2xkZV2Hl1Omi8rk2D7t5lN,album,,2020-04-10,2020,day,0.353,0.613,9,-5.9,1,0.031,0.384,0.0123,0.103,0.282,177.375,5ncofiedz9Ej6YkvvXMKVn,https://api.spotify.com/v1/audio-analysis/5ncofiedz9Ej6YkvvXMKVn,4,,,1,337333,TRUE,https://api.spotify.com/v1/tracks/5ncofiedz9Ej6YkvvXMKVn,Not The Same Anymore,https://p.scdn.co/mp3-preview/7682ea8139ccc9c68c0af5ef6c63926f15190ea1?cid=e3b6483c2c684a25a1191721925a2fa2,8,track,spotify:track:5ncofiedz9Ej6YkvvXMKVn,FALSE,https://open.spotify.com/track/5ncofiedz9Ej6YkvvXMKVn,The New Abnormal,A,major,A major
The Strokes,0epOFNiUfyON9EYx7Tpr6V,2xkZV2Hl1Omi8rk2D7t5lN,album,,2020-04-10,2020,day,0.426,0.617,1,-5.423,0,0.0289,0.341,0.181,0.101,0.201,92.002,1BLOVHYYlH4JUHQGcpt75R,https://api.spotify.com/v1/audio-analysis/1BLOVHYYlH4JUHQGcpt75R,4,,,1,351786,TRUE,https://api.spotify.com/v1/tracks/1BLOVHYYlH4JUHQGcpt75R,Ode To The Mets,https://p.scdn.co/mp3-preview/f5b6d13e2e4f3828dd3d70c2110ae9522c8e8732?cid=e3b6483c2c684a25a1191721925a2fa2,9,track,spotify:track:1BLOVHYYlH4JUHQGcpt75R,FALSE,https://open.spotify.com/track/1BLOVHYYlH4JUHQGcpt75R,The New Abnormal,C#,minor,C# minor
The Strokes,0epOFNiUfyON9EYx7Tpr6V,4WnkQO4xD9ljQooB3VIxCV,album,,2013-03-25,2013,day,0.737,0.745,9,-5.944,1,0.0351,0.0176,0.381,0.306,0.629,115.989,2ThdB23G9Rgf1ExndFGEEg,https://api.spotify.com/v1/audio-analysis/2ThdB23G9Rgf1ExndFGEEg,4,,,1,222360,FALSE,https://api.spotify.com/v1/tracks/2ThdB23G9Rgf1ExndFGEEg,Tap Out,https://p.scdn.co/mp3-preview/32b1a6a29aa4c48ec927b455ab4feb53228f8eaf?cid=e3b6483c2c684a25a1191721925a2fa2,1,track,spotify:track:2ThdB23G9Rgf1ExndFGEEg,FALSE,https://open.spotify.com/track/2ThdB23G9Rgf1ExndFGEEg,Comedown Machine,A,major,A major
The Strokes,0epOFNiUfyON9EYx7Tpr6V,4WnkQO4xD9ljQooB3VIxCV,album,,2013-03-25,2013,day,0.403,0.883,2,-6.054,1,0.0745,8.44e-5,0.65,0.126,0.078,141.945,7uFZNMEZzAGOwQ6EZID1K4,https://api.spotify.com/v1/audio-analysis/7uFZNMEZzAGOwQ6EZID1K4,4,,,1,181373,FALSE,https://api.spotify.com/v1/tracks/7uFZNMEZzAGOwQ6EZID1K4,All The Time,https://p.scdn.co/mp3-preview/c838fb7ded6b1921ada940a0a53dcdbfff5144b7?cid=e3b6483c2c684a25a1191721925a2fa2,2,track,spotify:track:7uFZNMEZzAGOwQ6EZID1K4,FALSE,https://open.spotify.com/track/7uFZNMEZzAGOwQ6EZID1K4,Comedown Machine,D,major,D major
The Strokes,0epOFNiUfyON9EYx7Tpr6V,4WnkQO4xD9ljQooB3VIxCV,album,,2013-03-25,2013,day,0.516,0.942,2,-4.113,1,0.036,1.82e-4,0.464,0.116,0.964,95.996,5GKVcvTgnFYtfh25qKQtRg,https://api.spotify.com/v1/audio-analysis/5GKVcvTgnFYtfh25qKQtRg,4,,,1,242293,FALSE,https://api.spotify.com/v1/tracks/5GKVcvTgnFYtfh25qKQtRg,One Way Trigger,https://p.scdn.co/mp3-preview/80200018728a00f91598dc07d24fbf963e2368af?cid=e3b6483c2c684a25a1191721925a2fa2,3,track,spotify:track:5GKVcvTgnFYtfh25qKQtRg,FALSE,https://open.spotify.com/track/5GKVcvTgnFYtfh25qKQtRg,Comedown Machine,D,major,D major
The Strokes,0epOFNiUfyON9EYx7Tpr6V,4WnkQO4xD9ljQooB3VIxCV,album,,2013-03-25,2013,day,0.705,0.666,2,-7.23,0,0.0303,0.00233,0.0149,0.174,0.646,124.032,7bfocP7GYoLOutUYpTI8tx,https://api.spotify.com/v1/audio-analysis/7bfocP7GYoLOutUYpTI8tx,4,,,1,230826,FALSE,https://api.spotify.com/v1/tracks/7bfocP7GYoLOutUYpTI8tx,Welcome To Japan,https://p.scdn.co/mp3-preview/2bc61bd2082f69bb6e1c83094d635ccd7128cc10?cid=e3b6483c2c684a25a1191721925a2fa2,4,track,spotify:track:7bfocP7GYoLOutUYpTI8tx,FALSE,https://open.spotify.com/track/7bfocP7GYoLOutUYpTI8tx,Comedown Machine,D,minor,D minor
The Strokes,0epOFNiUfyON9EYx7Tpr6V,4WnkQO4xD9ljQooB3VIxCV,album,,2013-03-25,2013,day,0.488,0.503,0,-8.89,1,0.0326,0.00583,0.809,0.101,0.38,144.035,2lffRiAET2Xt6BNb4EmkS2,https://api.spotify.com/v1/audio-analysis/2lffRiAET2Xt6BNb4EmkS2,4,,,1,298613,FALSE,https://api.spotify.com/v1/tracks/2lffRiAET2Xt6BNb4EmkS2,80's Comedown Machine,https://p.scdn.co/mp3-preview/521fb2eb893c94e4af6f5ded0b9e4c3ab43e6683?cid=e3b6483c2c684a25a1191721925a2fa2,5,track,spotify:track:2lffRiAET2Xt6BNb4EmkS2,FALSE,https://open.spotify.com/track/2lffRiAET2Xt6BNb4EmkS2,Comedown Machine,C,major,C major
The Strokes,0epOFNiUfyON9EYx7Tpr6V,4WnkQO4xD9ljQooB3VIxCV,album,,2013-03-25,2013,day,0.491,0.93,11,-6.412,0,0.0347,4.23e-5,0.612,0.219,0.623,99.924,5MPryR3oJGmWnSYM7X2GGE,https://api.spotify.com/v1/audio-analysis/5MPryR3oJGmWnSYM7X2GGE,4,,,1,163226,FALSE,https://api.spotify.com/v1/tracks/5MPryR3oJGmWnSYM7X2GGE,50/50,https://p.scdn.co/mp3-preview/bfadd39334b7cad89050d7a3df63d8d608ad12d1?cid=e3b6483c2c684a25a1191721925a2fa2,6,track,spotify:track:5MPryR3oJGmWnSYM7X2GGE,FALSE,https://open.spotify.com/track/5MPryR3oJGmWnSYM7X2GGE,Comedown Machine,B,minor,B minor
The Strokes,0epOFNiUfyON9EYx7Tpr6V,4WnkQO4xD9ljQooB3VIxCV,album,,2013-03-25,2013,day,0.664,0.646,9,-7.934,1,0.0284,0.0658,0.28,0.0954,0.5,131.993,5y1FCAhYarSCNO9I9hS82M,https://api.spotify.com/v1/audio-analysis/5y1FCAhYarSCNO9I9hS82M,4,,,1,260693,FALSE,https://api.spotify.com/v1/tracks/5y1FCAhYarSCNO9I9hS82M,Slow Animals,https://p.scdn.co/mp3-preview/b7fe86e3704d0f29682bbdf289a024a54e4f0b50?cid=e3b6483c2c684a25a1191721925a2fa2,7,track,spotify:track:5y1FCAhYarSCNO9I9hS82M,FALSE,https://open.spotify.com/track/5y1FCAhYarSCNO9I9hS82M,Comedown Machine,A,major,A major
The Strokes,0epOFNiUfyON9EYx7Tpr6V,4WnkQO4xD9ljQooB3VIxCV,album,,2013-03-25,2013,day,0.538,0.951,7,-4.741,1,0.0606,9.34e-4,0.0545,0.239,0.551,106.033,2ncRH1zCER8iHXYhlHXyam,https://api.spotify.com/v1/audio-analysis/2ncRH1zCER8iHXYhlHXyam,4,,,1,201893,FALSE,https://api.spotify.com/v1/tracks/2ncRH1zCER8iHXYhlHXyam,Partners In Crime,https://p.scdn.co/mp3-preview/4d4b78de46c588f9f20ab125aeeb4b1a91f48153?cid=e3b6483c2c684a25a1191721925a2fa2,8,track,spotify:track:2ncRH1zCER8iHXYhlHXyam,FALSE,https://open.spotify.com/track/2ncRH1zCER8iHXYhlHXyam,Comedown Machine,G,major,G major
The Strokes,0epOFNiUfyON9EYx7Tpr6V,4WnkQO4xD9ljQooB3VIxCV,album,,2013-03-25,2013,day,0.561,0.569,6,-9.682,1,0.0289,0.365,0.611,0.109,0.53,103.705,718purgMpFb2Axhuz0Hbq1,https://api.spotify.com/v1/audio-analysis/718purgMpFb2Axhuz0Hbq1,4,,,1,216786,FALSE,https://api.spotify.com/v1/tracks/718purgMpFb2Axhuz0Hbq1,Chances,https://p.scdn.co/mp3-preview/ad2ca8e2e70ea709c7b949976ad82068e2a8daa0?cid=e3b6483c2c684a25a1191721925a2fa2,9,track,spotify:track:718purgMpFb2Axhuz0Hbq1,FALSE,https://open.spotify.com/track/718purgMpFb2Axhuz0Hbq1,Comedown Machine,F#,major,F# major
The Strokes,0epOFNiUfyON9EYx7Tpr6V,4WnkQO4xD9ljQooB3VIxCV,album,,2013-03-25,2013,day,0.626,0.831,2,-7.743,1,0.0369,0.00571,0.0188,0.355,0.255,113.999,1OXGJ7jRok4c3KBnIYkuwH,https://api.spotify.com/v1/audio-analysis/1OXGJ7jRok4c3KBnIYkuwH,4,,,1,172160,FALSE,https://api.spotify.com/v1/tracks/1OXGJ7jRok4c3KBnIYkuwH,Happy Ending,https://p.scdn.co/mp3-preview/cc3e4c5fcd491a5a91002e1bd8788cf003bc0503?cid=e3b6483c2c684a25a1191721925a2fa2,10,track,spotify:track:1OXGJ7jRok4c3KBnIYkuwH,FALSE,https://open.spotify.com/track/1OXGJ7jRok4c3KBnIYkuwH,Comedown Machine,D,major,D major
The Strokes,0epOFNiUfyON9EYx7Tpr6V,4WnkQO4xD9ljQooB3VIxCV,album,,2013-03-25,2013,day,0.544,0.241,4,-14.779,0,0.03,0.983,0.774,0.101,0.359,109.437,3Y4rUyw7XBCK6hGHCOt6rp,https://api.spotify.com/v1/audio-analysis/3Y4rUyw7XBCK6hGHCOt6rp,4,,,1,204773,FALSE,https://api.spotify.com/v1/tracks/3Y4rUyw7XBCK6hGHCOt6rp,"Call It Fate, Call It Karma",https://p.scdn.co/mp3-preview/87588593fca31550c3b9e7d6f3eab157907dd4d6?cid=e3b6483c2c684a25a1191721925a2fa2,11,track,spotify:track:3Y4rUyw7XBCK6hGHCOt6rp,FALSE,https://open.spotify.com/track/3Y4rUyw7XBCK6hGHCOt6rp,Comedown Machine,E,minor,E minor
The Strokes,0epOFNiUfyON9EYx7Tpr6V,6Jx4cGhWHewTcfKDJKguBQ,album,,2011-03-21,2011,day,0.695,0.817,1,-5.294,1,0.0659,0.0132,0.097,0.0601,0.874,105.014,6mVD1SfTvlFAPVi7txFL5H,https://api.spotify.com/v1/audio-analysis/6mVD1SfTvlFAPVi7txFL5H,4,,,1,209626,FALSE,https://api.spotify.com/v1/tracks/6mVD1SfTvlFAPVi7txFL5H,Machu Picchu,https://p.scdn.co/mp3-preview/c7a9400a625e16063428d401f86010ee05ca2ca1?cid=e3b6483c2c684a25a1191721925a2fa2,1,track,spotify:track:6mVD1SfTvlFAPVi7txFL5H,FALSE,https://open.spotify.com/track/6mVD1SfTvlFAPVi7txFL5H,Angles,C#,major,C# major
The Strokes,0epOFNiUfyON9EYx7Tpr6V,6Jx4cGhWHewTcfKDJKguBQ,album,,2011-03-21,2011,day,0.35,0.775,11,-3.364,1,0.054,0.00433,0.283,0.0676,0.588,199.866,6u0x5ad9ewHvs3z6u9Oe3c,https://api.spotify.com/v1/audio-analysis/6u0x5ad9ewHvs3z6u9Oe3c,4,,,1,235546,FALSE,https://api.spotify.com/v1/tracks/6u0x5ad9ewHvs3z6u9Oe3c,Under Cover of Darkness,https://p.scdn.co/mp3-preview/392943fec90313dec65b40afa326c3c822984b1d?cid=e3b6483c2c684a25a1191721925a2fa2,2,track,spotify:track:6u0x5ad9ewHvs3z6u9Oe3c,FALSE,https://open.spotify.com/track/6u0x5ad9ewHvs3z6u9Oe3c,Angles,B,major,B major
The Strokes,0epOFNiUfyON9EYx7Tpr6V,6Jx4cGhWHewTcfKDJKguBQ,album,,2011-03-21,2011,day,0.534,0.778,1,-5.252,1,0.0453,0.00153,0.025,0.176,0.758,137.68,10rOqbOBlAJybglgmqaMZL,https://api.spotify.com/v1/audio-analysis/10rOqbOBlAJybglgmqaMZL,4,,,1,222080,FALSE,https://api.spotify.com/v1/tracks/10rOqbOBlAJybglgmqaMZL,Two Kinds of Happiness,https://p.scdn.co/mp3-preview/826af62656772808e69c72828de6852cf1aedb65?cid=e3b6483c2c684a25a1191721925a2fa2,3,track,spotify:track:10rOqbOBlAJybglgmqaMZL,FALSE,https://open.spotify.com/track/10rOqbOBlAJybglgmqaMZL,Angles,C#,major,C# major
The Strokes,0epOFNiUfyON9EYx7Tpr6V,6Jx4cGhWHewTcfKDJKguBQ,album,,2011-03-21,2011,day,0.441,0.863,2,-6.787,1,0.0363,1.41e-4,0.72,0.0775,0.328,168.089,22iKX3jvZwZNW7RlrwQ822,https://api.spotify.com/v1/audio-analysis/22iKX3jvZwZNW7RlrwQ822,4,,,1,153760,FALSE,https://api.spotify.com/v1/tracks/22iKX3jvZwZNW7RlrwQ822,You're So Right,https://p.scdn.co/mp3-preview/8297608ad2f84ad32e51304b23a45c22d96631a2?cid=e3b6483c2c684a25a1191721925a2fa2,4,track,spotify:track:22iKX3jvZwZNW7RlrwQ822,FALSE,https://open.spotify.com/track/22iKX3jvZwZNW7RlrwQ822,Angles,D,major,D major
The Strokes,0epOFNiUfyON9EYx7Tpr6V,6Jx4cGhWHewTcfKDJKguBQ,album,,2011-03-21,2011,day,0.569,0.89,5,-4.447,1,0.0559,0.00595,0.0112,0.226,0.885,137.044,6SdAztAqklk1zAmUHhU4N7,https://api.spotify.com/v1/audio-analysis/6SdAztAqklk1zAmUHhU4N7,4,,,1,203240,FALSE,https://api.spotify.com/v1/tracks/6SdAztAqklk1zAmUHhU4N7,Taken for a Fool,https://p.scdn.co/mp3-preview/772cd74cf4c322a2373b8423a80fa220476be392?cid=e3b6483c2c684a25a1191721925a2fa2,5,track,spotify:track:6SdAztAqklk1zAmUHhU4N7,FALSE,https://open.spotify.com/track/6SdAztAqklk1zAmUHhU4N7,Angles,F,major,F major
The Strokes,0epOFNiUfyON9EYx7Tpr6V,6Jx4cGhWHewTcfKDJKguBQ,album,,2011-03-21,2011,day,0.644,0.708,9,-6.742,0,0.029,0.00327,0.184,0.19,0.452,127.05,5pFSbiW5XewiQONONBQbqF,https://api.spotify.com/v1/audio-analysis/5pFSbiW5XewiQONONBQbqF,4,,,1,231533,FALSE,https://api.spotify.com/v1/tracks/5pFSbiW5XewiQONONBQbqF,Games,https://p.scdn.co/mp3-preview/16d6bd9b9d7c6fd82aef5862026a39433aa568a4?cid=e3b6483c2c684a25a1191721925a2fa2,6,track,spotify:track:5pFSbiW5XewiQONONBQbqF,FALSE,https://open.spotify.com/track/5pFSbiW5XewiQONONBQbqF,Angles,A,minor,A minor
The Strokes,0epOFNiUfyON9EYx7Tpr6V,6Jx4cGhWHewTcfKDJKguBQ,album,,2011-03-21,2011,day,0.736,0.297,2,-9.648,1,0.035,0.863,1.49e-5,0.0609,0.185,125.78,6z5mh42xSM54RncKZMM8hS,https://api.spotify.com/v1/audio-analysis/6z5mh42xSM54RncKZMM8hS,4,,,1,182026,FALSE,https://api.spotify.com/v1/tracks/6z5mh42xSM54RncKZMM8hS,Call Me Back,https://p.scdn.co/mp3-preview/6397a9f0050791158405343fc9e9edc2b4d5b222?cid=e3b6483c2c684a25a1191721925a2fa2,7,track,spotify:track:6z5mh42xSM54RncKZMM8hS,FALSE,https://open.spotify.com/track/6z5mh42xSM54RncKZMM8hS,Angles,D,major,D major
The Strokes,0epOFNiUfyON9EYx7Tpr6V,6Jx4cGhWHewTcfKDJKguBQ,album,,2011-03-21,2011,day,0.644,0.788,0,-5.039,1,0.0558,0.0456,0.34,0.237,0.708,135.437,69YCkfZS0aOjEUPwQ4zCZ9,https://api.spotify.com/v1/audio-analysis/69YCkfZS0aOjEUPwQ4zCZ9,4,,,1,179200,FALSE,https://api.spotify.com/v1/tracks/69YCkfZS0aOjEUPwQ4zCZ9,Gratisfaction,https://p.scdn.co/mp3-preview/02a56f6b926f0113e88e286c122b5f8ad1f5ee35?cid=e3b6483c2c684a25a1191721925a2fa2,8,track,spotify:track:69YCkfZS0aOjEUPwQ4zCZ9,FALSE,https://open.spotify.com/track/69YCkfZS0aOjEUPwQ4zCZ9,Angles,C,major,C major
The Strokes,0epOFNiUfyON9EYx7Tpr6V,6Jx4cGhWHewTcfKDJKguBQ,album,,2011-03-21,2011,day,0.422,0.85,8,-5.134,0,0.0395,4.16e-5,0.00371,0.164,0.34,162.004,08Bkl20GdNhlh7UdUcee2r,https://api.spotify.com/v1/audio-analysis/08Bkl20GdNhlh7UdUcee2r,3,,,1,180680,FALSE,https://api.spotify.com/v1/tracks/08Bkl20GdNhlh7UdUcee2r,Metabolism,https://p.scdn.co/mp3-preview/50f408871373e6f1795241ec17f102ce975ec067?cid=e3b6483c2c684a25a1191721925a2fa2,9,track,spotify:track:08Bkl20GdNhlh7UdUcee2r,FALSE,https://open.spotify.com/track/08Bkl20GdNhlh7UdUcee2r,Angles,G#,minor,G# minor
The Strokes,0epOFNiUfyON9EYx7Tpr6V,6Jx4cGhWHewTcfKDJKguBQ,album,,2011-03-21,2011,day,0.515,0.696,6,-5.857,0,0.0313,0.0126,3.45e-4,0.0916,0.513,134.893,4ileLT7ldd2uX8bMemWqbm,https://api.spotify.com/v1/audio-analysis/4ileLT7ldd2uX8bMemWqbm,4,,,1,255240,FALSE,https://api.spotify.com/v1/tracks/4ileLT7ldd2uX8bMemWqbm,Life Is Simple in the Moonlight,https://p.scdn.co/mp3-preview/9486ce8584e8b948384ae253a3cded823d11fff1?cid=e3b6483c2c684a25a1191721925a2fa2,10,track,spotify:track:4ileLT7ldd2uX8bMemWqbm,FALSE,https://open.spotify.com/track/4ileLT7ldd2uX8bMemWqbm,Angles,F#,minor,F# minor
The Strokes,0epOFNiUfyON9EYx7Tpr6V,1HQ61my1h3VWp2EBWKlp0n,album,,2006-01-03,2006,day,0.63,0.908,11,-2.42,1,0.0326,0.0238,0.592,0.116,0.968,120.522,4fPBB44eDH71YohayI4eKV,https://api.spotify.com/v1/audio-analysis/4fPBB44eDH71YohayI4eKV,4,,,1,189226,FALSE,https://api.spotify.com/v1/tracks/4fPBB44eDH71YohayI4eKV,You Only Live Once,https://p.scdn.co/mp3-preview/4e65165f1a88d641bec5f181ffb8ba4d516a9c39?cid=e3b6483c2c684a25a1191721925a2fa2,1,track,spotify:track:4fPBB44eDH71YohayI4eKV,FALSE,https://open.spotify.com/track/4fPBB44eDH71YohayI4eKV,First Impressions Of Earth,B,major,B major
The Strokes,0epOFNiUfyON9EYx7Tpr6V,1HQ61my1h3VWp2EBWKlp0n,album,,2006-01-03,2006,day,0.462,0.981,2,-2.371,0,0.127,0.00166,0.00894,0.0856,0.547,154.995,3jjQHULAVn71k40mKwGMiV,https://api.spotify.com/v1/audio-analysis/3jjQHULAVn71k40mKwGMiV,4,,,1,194573,FALSE,https://api.spotify.com/v1/tracks/3jjQHULAVn71k40mKwGMiV,Juicebox,https://p.scdn.co/mp3-preview/e137f847dc8c6ea0937d14d8169d68c2b5c40ba5?cid=e3b6483c2c684a25a1191721925a2fa2,2,track,spotify:track:3jjQHULAVn71k40mKwGMiV,FALSE,https://open.spotify.com/track/3jjQHULAVn71k40mKwGMiV,First Impressions Of Earth,D,minor,D minor
The Strokes,0epOFNiUfyON9EYx7Tpr6V,1HQ61my1h3VWp2EBWKlp0n,album,,2006-01-03,2006,day,0.418,0.857,8,-5.133,1,0.0404,2.73e-6,0.805,0.368,0.12,140.02,3mYCd23hPxJW5okSvMoy3x,https://api.spotify.com/v1/audio-analysis/3mYCd23hPxJW5okSvMoy3x,4,,,1,206173,FALSE,https://api.spotify.com/v1/tracks/3mYCd23hPxJW5okSvMoy3x,Heart In a Cage,https://p.scdn.co/mp3-preview/ea14650ea664758dfb33d036441da251a8040fed?cid=e3b6483c2c684a25a1191721925a2fa2,3,track,spotify:track:3mYCd23hPxJW5okSvMoy3x,FALSE,https://open.spotify.com/track/3mYCd23hPxJW5okSvMoy3x,First Impressions Of Earth,G#,major,G# major
The Strokes,0epOFNiUfyON9EYx7Tpr6V,1HQ61my1h3VWp2EBWKlp0n,album,,2006-01-03,2006,day,0.394,0.859,9,-3.851,1,0.0409,0.00201,0.233,0.1,0.511,136.075,4UF1eupXP9Zz5GpYepyOxI,https://api.spotify.com/v1/audio-analysis/4UF1eupXP9Zz5GpYepyOxI,5,,,1,208133,FALSE,https://api.spotify.com/v1/tracks/4UF1eupXP9Zz5GpYepyOxI,Razorblade,https://p.scdn.co/mp3-preview/d3f32cda56149bd5189c4021b2a843c07551d2df?cid=e3b6483c2c684a25a1191721925a2fa2,4,track,spotify:track:4UF1eupXP9Zz5GpYepyOxI,FALSE,https://open.spotify.com/track/4UF1eupXP9Zz5GpYepyOxI,First Impressions Of Earth,A,major,A major
The Strokes,0epOFNiUfyON9EYx7Tpr6V,1HQ61my1h3VWp2EBWKlp0n,album,,2006-01-03,2006,day,0.605,0.811,10,-2.341,1,0.0316,0.00367,1.16e-4,0.135,0.548,108.992,6oqJLFTbJ6PkgPfU0Mtjix,https://api.spotify.com/v1/audio-analysis/6oqJLFTbJ6PkgPfU0Mtjix,4,,,1,276506,FALSE,https://api.spotify.com/v1/tracks/6oqJLFTbJ6PkgPfU0Mtjix,On the Other Side,https://p.scdn.co/mp3-preview/bc87dbcbc2f442f4ed48b6a59184f916425d124b?cid=e3b6483c2c684a25a1191721925a2fa2,5,track,spotify:track:6oqJLFTbJ6PkgPfU0Mtjix,FALSE,https://open.spotify.com/track/6oqJLFTbJ6PkgPfU0Mtjix,First Impressions Of Earth,A#,major,A# major
The Strokes,0epOFNiUfyON9EYx7Tpr6V,1HQ61my1h3VWp2EBWKlp0n,album,,2006-01-03,2006,day,0.428,0.811,4,-3.681,0,0.0382,2.33e-5,0.434,0.359,0.138,141.95,0Tvl6Dhee6vjz65sS3KKkK,https://api.spotify.com/v1/audio-analysis/0Tvl6Dhee6vjz65sS3KKkK,4,,,1,259026,FALSE,https://api.spotify.com/v1/tracks/0Tvl6Dhee6vjz65sS3KKkK,Vision of Division,https://p.scdn.co/mp3-preview/d57a7ef4265fb50bcf41bf94477973bb06fd2f6c?cid=e3b6483c2c684a25a1191721925a2fa2,6,track,spotify:track:0Tvl6Dhee6vjz65sS3KKkK,FALSE,https://open.spotify.com/track/0Tvl6Dhee6vjz65sS3KKkK,First Impressions Of Earth,E,minor,E minor
The Strokes,0epOFNiUfyON9EYx7Tpr6V,1HQ61my1h3VWp2EBWKlp0n,album,,2006-01-03,2006,day,0.376,0.31,8,-9.79,1,0.0332,0.55,0.841,0.147,0.461,131.566,6THqWFqcUAAB7At66622Wr,https://api.spotify.com/v1/audio-analysis/6THqWFqcUAAB7At66622Wr,4,,,1,189973,FALSE,https://api.spotify.com/v1/tracks/6THqWFqcUAAB7At66622Wr,Ask Me Anything,https://p.scdn.co/mp3-preview/a06755395337d542a00d20a4c9a77e3adb166576?cid=e3b6483c2c684a25a1191721925a2fa2,7,track,spotify:track:6THqWFqcUAAB7At66622Wr,FALSE,https://open.spotify.com/track/6THqWFqcUAAB7At66622Wr,First Impressions Of Earth,G#,major,G# major
The Strokes,0epOFNiUfyON9EYx7Tpr6V,1HQ61my1h3VWp2EBWKlp0n,album,,2006-01-03,2006,day,0.382,0.882,11,-4.166,1,0.0429,0.0022,0.144,0.0776,0.57,140.034,0bZdpukYLaMgtR4LCUhTDp,https://api.spotify.com/v1/audio-analysis/0bZdpukYLaMgtR4LCUhTDp,4,,,1,213200,FALSE,https://api.spotify.com/v1/tracks/0bZdpukYLaMgtR4LCUhTDp,Electricityscape,https://p.scdn.co/mp3-preview/5b05d7ab0f779def53cdd59a19828f2f572fb372?cid=e3b6483c2c684a25a1191721925a2fa2,8,track,spotify:track:0bZdpukYLaMgtR4LCUhTDp,FALSE,https://open.spotify.com/track/0bZdpukYLaMgtR4LCUhTDp,First Impressions Of Earth,B,major,B major
The Strokes,0epOFNiUfyON9EYx7Tpr6V,1HQ61my1h3VWp2EBWKlp0n,album,,2006-01-03,2006,day,0.504,0.806,6,-4.955,1,0.0388,0.00155,0.799,0.158,0.921,120.205,0HaELdKUUyrNiDzuADLEoa,https://api.spotify.com/v1/audio-analysis/0HaELdKUUyrNiDzuADLEoa,4,,,1,228733,FALSE,https://api.spotify.com/v1/tracks/0HaELdKUUyrNiDzuADLEoa,Killing Lies,https://p.scdn.co/mp3-preview/ba86c915b2eb88ee1d2f98b3dd89201568ddd7e1?cid=e3b6483c2c684a25a1191721925a2fa2,9,track,spotify:track:0HaELdKUUyrNiDzuADLEoa,FALSE,https://open.spotify.com/track/0HaELdKUUyrNiDzuADLEoa,First Impressions Of Earth,F#,major,F# major
The Strokes,0epOFNiUfyON9EYx7Tpr6V,1HQ61my1h3VWp2EBWKlp0n,album,,2006-01-03,2006,day,0.436,0.923,8,-4.444,1,0.0591,2.82e-4,0.823,0.356,0.272,127.731,2i9wsNkqOVqffpfNbc8s2n,https://api.spotify.com/v1/audio-analysis/2i9wsNkqOVqffpfNbc8s2n,4,,,1,240466,FALSE,https://api.spotify.com/v1/tracks/2i9wsNkqOVqffpfNbc8s2n,Fear of Sleep,https://p.scdn.co/mp3-preview/dec55fa575951bb60996e850456e172d6d946ee3?cid=e3b6483c2c684a25a1191721925a2fa2,10,track,spotify:track:2i9wsNkqOVqffpfNbc8s2n,FALSE,https://open.spotify.com/track/2i9wsNkqOVqffpfNbc8s2n,First Impressions Of Earth,G#,major,G# major
The Strokes,0epOFNiUfyON9EYx7Tpr6V,1HQ61my1h3VWp2EBWKlp0n,album,,2006-01-03,2006,day,0.341,0.881,2,-3.558,1,0.0411,0.00385,0.0383,0.141,0.394,82.957,0Sqi2XLLVk5JGfZnFnidM2,https://api.spotify.com/v1/audio-analysis/0Sqi2XLLVk5JGfZnFnidM2,3,,,1,273133,FALSE,https://api.spotify.com/v1/tracks/0Sqi2XLLVk5JGfZnFnidM2,15 Minutes,https://p.scdn.co/mp3-preview/567211f08309ae3a2c77a5954bb05e4bd36093dd?cid=e3b6483c2c684a25a1191721925a2fa2,11,track,spotify:track:0Sqi2XLLVk5JGfZnFnidM2,FALSE,https://open.spotify.com/track/0Sqi2XLLVk5JGfZnFnidM2,First Impressions Of Earth,D,major,D major
The Strokes,0epOFNiUfyON9EYx7Tpr6V,1HQ61my1h3VWp2EBWKlp0n,album,,2006-01-03,2006,day,0.397,0.894,6,-3.099,0,0.0464,9.07e-6,0.642,0.0847,0.277,134.993,1TbK5nWKIxZYIRVurMvkuR,https://api.spotify.com/v1/audio-analysis/1TbK5nWKIxZYIRVurMvkuR,4,,,1,265773,FALSE,https://api.spotify.com/v1/tracks/1TbK5nWKIxZYIRVurMvkuR,Ize of the World,https://p.scdn.co/mp3-preview/d05e381c008edb011cc68b73d9c85e55d395cc98?cid=e3b6483c2c684a25a1191721925a2fa2,12,track,spotify:track:1TbK5nWKIxZYIRVurMvkuR,FALSE,https://open.spotify.com/track/1TbK5nWKIxZYIRVurMvkuR,First Impressions Of Earth,F#,minor,F# minor
The Strokes,0epOFNiUfyON9EYx7Tpr6V,1HQ61my1h3VWp2EBWKlp0n,album,,2006-01-03,2006,day,0.631,0.755,9,-4.534,1,0.0311,0.32,0.00481,0.296,0.531,124.958,7HxmrxySFNFu5ppnTDdNPv,https://api.spotify.com/v1/audio-analysis/7HxmrxySFNFu5ppnTDdNPv,4,,,1,186000,FALSE,https://api.spotify.com/v1/tracks/7HxmrxySFNFu5ppnTDdNPv,Evening Sun,https://p.scdn.co/mp3-preview/d422c11cfb4bbbc87b8a15288a5f07daf014ee91?cid=e3b6483c2c684a25a1191721925a2fa2,13,track,spotify:track:7HxmrxySFNFu5ppnTDdNPv,FALSE,https://open.spotify.com/track/7HxmrxySFNFu5ppnTDdNPv,First Impressions Of Earth,A,major,A major
The Strokes,0epOFNiUfyON9EYx7Tpr6V,1HQ61my1h3VWp2EBWKlp0n,album,,2006-01-03,2006,day,0.534,0.837,11,-3.938,1,0.0407,1.67e-4,0.649,0.189,0.903,103.533,6KXuDNOwiNR0q7KLGXs3Bo,https://api.spotify.com/v1/audio-analysis/6KXuDNOwiNR0q7KLGXs3Bo,3,,,1,191693,FALSE,https://api.spotify.com/v1/tracks/6KXuDNOwiNR0q7KLGXs3Bo,Red Light,https://p.scdn.co/mp3-preview/6041f473bd34249ed34484453a3e5eb39305a322?cid=e3b6483c2c684a25a1191721925a2fa2,14,track,spotify:track:6KXuDNOwiNR0q7KLGXs3Bo,FALSE,https://open.spotify.com/track/6KXuDNOwiNR0q7KLGXs3Bo,First Impressions Of Earth,B,major,B major
The Strokes,0epOFNiUfyON9EYx7Tpr6V,3HFbH1loOUbqCyPsLuHLLh,album,,2003-10-28,2003,day,0.547,0.596,11,-6.044,1,0.0339,8.02e-5,0.739,0.273,0.584,116.17,78Gzxi27GuNHTfkn2BylG4,https://api.spotify.com/v1/audio-analysis/78Gzxi27GuNHTfkn2BylG4,4,,,1,169506,FALSE,https://api.spotify.com/v1/tracks/78Gzxi27GuNHTfkn2BylG4,What Ever Happened?,https://p.scdn.co/mp3-preview/ebc517c182006cd34321210d6c6ed3a93bd38ab4?cid=e3b6483c2c684a25a1191721925a2fa2,1,track,spotify:track:78Gzxi27GuNHTfkn2BylG4,FALSE,https://open.spotify.com/track/78Gzxi27GuNHTfkn2BylG4,Room On Fire,B,major,B major
The Strokes,0epOFNiUfyON9EYx7Tpr6V,3HFbH1loOUbqCyPsLuHLLh,album,,2003-10-28,2003,day,0.489,0.649,9,-5.11,1,0.0336,6.03e-4,0.713,0.101,0.77,158.009,57Xjny5yNzAcsxnusKmAfA,https://api.spotify.com/v1/audio-analysis/57Xjny5yNzAcsxnusKmAfA,4,,,1,219826,FALSE,https://api.spotify.com/v1/tracks/57Xjny5yNzAcsxnusKmAfA,Reptilia,https://p.scdn.co/mp3-preview/35521d82091e8c9a6a1cee80fb59dc2f6b5cb776?cid=e3b6483c2c684a25a1191721925a2fa2,2,track,spotify:track:57Xjny5yNzAcsxnusKmAfA,FALSE,https://open.spotify.com/track/57Xjny5yNzAcsxnusKmAfA,Room On Fire,A,major,A major
The Strokes,0epOFNiUfyON9EYx7Tpr6V,3HFbH1loOUbqCyPsLuHLLh,album,,2003-10-28,2003,day,0.675,0.535,1,-6.109,1,0.0376,0.00329,0.719,0.104,0.914,105.921,6DUKQUhWqUySYngLXLNwP2,https://api.spotify.com/v1/audio-analysis/6DUKQUhWqUySYngLXLNwP2,4,,,1,207133,FALSE,https://api.spotify.com/v1/tracks/6DUKQUhWqUySYngLXLNwP2,Automatic Stop,https://p.scdn.co/mp3-preview/20ec986627faca625d9bd12a55d76a427411be9b?cid=e3b6483c2c684a25a1191721925a2fa2,3,track,spotify:track:6DUKQUhWqUySYngLXLNwP2,FALSE,https://open.spotify.com/track/6DUKQUhWqUySYngLXLNwP2,Room On Fire,C#,major,C# major
The Strokes,0epOFNiUfyON9EYx7Tpr6V,3HFbH1loOUbqCyPsLuHLLh,album,,2003-10-28,2003,day,0.451,0.889,4,-3.838,1,0.0379,0.312,0.8,0.558,0.592,145.056,6Yu1OL8I0D4vjOzYdsXYGK,https://api.spotify.com/v1/audio-analysis/6Yu1OL8I0D4vjOzYdsXYGK,4,,,1,153133,FALSE,https://api.spotify.com/v1/tracks/6Yu1OL8I0D4vjOzYdsXYGK,12:51,https://p.scdn.co/mp3-preview/3d3777c25746192d5a81d3f8c9a7fba81a46071a?cid=e3b6483c2c684a25a1191721925a2fa2,4,track,spotify:track:6Yu1OL8I0D4vjOzYdsXYGK,FALSE,https://open.spotify.com/track/6Yu1OL8I0D4vjOzYdsXYGK,Room On Fire,E,major,E major
The Strokes,0epOFNiUfyON9EYx7Tpr6V,3HFbH1loOUbqCyPsLuHLLh,album,,2003-10-28,2003,day,0.304,0.971,4,-3.226,1,0.0351,0.0594,0.955,0.0799,0.695,127.856,6lnnaGN20kl0jEYJSxCgU9,https://api.spotify.com/v1/audio-analysis/6lnnaGN20kl0jEYJSxCgU9,4,,,1,186266,FALSE,https://api.spotify.com/v1/tracks/6lnnaGN20kl0jEYJSxCgU9,You Talk Way Too Much,https://p.scdn.co/mp3-preview/b502c638525c5db90ab9fd6e2c6271c47f334bf4?cid=e3b6483c2c684a25a1191721925a2fa2,5,track,spotify:track:6lnnaGN20kl0jEYJSxCgU9,FALSE,https://open.spotify.com/track/6lnnaGN20kl0jEYJSxCgU9,Room On Fire,E,major,E major
The Strokes,0epOFNiUfyON9EYx7Tpr6V,3HFbH1loOUbqCyPsLuHLLh,album,,2003-10-28,2003,day,0.455,0.603,9,-4.919,1,0.0255,6.34e-5,0.53,0.0966,0.539,104.179,5OmumaYiHYXUsYZPGLFTYJ,https://api.spotify.com/v1/audio-analysis/5OmumaYiHYXUsYZPGLFTYJ,4,,,1,196573,FALSE,https://api.spotify.com/v1/tracks/5OmumaYiHYXUsYZPGLFTYJ,Between Love & Hate,https://p.scdn.co/mp3-preview/9f28f246bdb5c9eee7aa3e80d32738bb590eabfd?cid=e3b6483c2c684a25a1191721925a2fa2,6,track,spotify:track:5OmumaYiHYXUsYZPGLFTYJ,FALSE,https://open.spotify.com/track/5OmumaYiHYXUsYZPGLFTYJ,Room On Fire,A,major,A major
The Strokes,0epOFNiUfyON9EYx7Tpr6V,3HFbH1loOUbqCyPsLuHLLh,album,,2003-10-28,2003,day,0.427,0.941,7,-3.973,1,0.0336,6.7e-5,0.89,0.0772,0.587,139.956,08l9WKDuRyGeStQ9ojTlFh,https://api.spotify.com/v1/audio-analysis/08l9WKDuRyGeStQ9ojTlFh,4,,,1,176160,FALSE,https://api.spotify.com/v1/tracks/08l9WKDuRyGeStQ9ojTlFh,Meet Me in the Bathroom,https://p.scdn.co/mp3-preview/f7a83fa41847f1e89b71adffa1a2e03ec967e486?cid=e3b6483c2c684a25a1191721925a2fa2,7,track,spotify:track:08l9WKDuRyGeStQ9ojTlFh,FALSE,https://open.spotify.com/track/08l9WKDuRyGeStQ9ojTlFh,Room On Fire,G,major,G major
The Strokes,0epOFNiUfyON9EYx7Tpr6V,3HFbH1loOUbqCyPsLuHLLh,album,,2003-10-28,2003,day,0.406,0.72,1,-4.647,1,0.0291,0.354,0.795,0.0541,0.641,91.336,3kKb3U3a8jmUJQB9ypE1Jl,https://api.spotify.com/v1/audio-analysis/3kKb3U3a8jmUJQB9ypE1Jl,4,,,1,187306,FALSE,https://api.spotify.com/v1/tracks/3kKb3U3a8jmUJQB9ypE1Jl,Under Control,https://p.scdn.co/mp3-preview/83413517ca7d33676a2d4d5d9cf4772589f4f810?cid=e3b6483c2c684a25a1191721925a2fa2,8,track,spotify:track:3kKb3U3a8jmUJQB9ypE1Jl,FALSE,https://open.spotify.com/track/3kKb3U3a8jmUJQB9ypE1Jl,Room On Fire,C#,major,C# major
The Strokes,0epOFNiUfyON9EYx7Tpr6V,3HFbH1loOUbqCyPsLuHLLh,album,,2003-10-28,2003,day,0.482,0.95,11,-2.593,1,0.0495,2.14e-4,0.883,0.0938,0.856,137.074,5MZBOcqI3Vpvp2PZy6ddyD,https://api.spotify.com/v1/audio-analysis/5MZBOcqI3Vpvp2PZy6ddyD,4,,,1,141733,FALSE,https://api.spotify.com/v1/tracks/5MZBOcqI3Vpvp2PZy6ddyD,The Way It Is,https://p.scdn.co/mp3-preview/ed4956d1169b30afabc60e712cbea7fd4c5e88bc?cid=e3b6483c2c684a25a1191721925a2fa2,9,track,spotify:track:5MZBOcqI3Vpvp2PZy6ddyD,FALSE,https://open.spotify.com/track/5MZBOcqI3Vpvp2PZy6ddyD,Room On Fire,B,major,B major
The Strokes,0epOFNiUfyON9EYx7Tpr6V,3HFbH1loOUbqCyPsLuHLLh,album,,2003-10-28,2003,day,0.531,0.66,1,-3.725,1,0.0335,8.33e-4,0.855,0.226,0.533,136.027,0dy6iXYIF0piirySAzCBwF,https://api.spotify.com/v1/audio-analysis/0dy6iXYIF0piirySAzCBwF,4,,,1,185560,FALSE,https://api.spotify.com/v1/tracks/0dy6iXYIF0piirySAzCBwF,The End Has No End,https://p.scdn.co/mp3-preview/16162842cb4cd79c6ef26972d1ac02bfa29b99c6?cid=e3b6483c2c684a25a1191721925a2fa2,10,track,spotify:track:0dy6iXYIF0piirySAzCBwF,FALSE,https://open.spotify.com/track/0dy6iXYIF0piirySAzCBwF,Room On Fire,C#,major,C# major
The Strokes,0epOFNiUfyON9EYx7Tpr6V,3HFbH1loOUbqCyPsLuHLLh,album,,2003-10-28,2003,day,0.472,0.746,11,-4.816,1,0.0321,0.00581,0.663,0.0999,0.403,97.44,7eX5SypK35V8Y9d9pS6rWy,https://api.spotify.com/v1/audio-analysis/7eX5SypK35V8Y9d9pS6rWy,4,,,1,162040,FALSE,https://api.spotify.com/v1/tracks/7eX5SypK35V8Y9d9pS6rWy,I Can't Win,https://p.scdn.co/mp3-preview/dbdaff9487d4b4eef6f1dbd150aa145a130206da?cid=e3b6483c2c684a25a1191721925a2fa2,11,track,spotify:track:7eX5SypK35V8Y9d9pS6rWy,FALSE,https://open.spotify.com/track/7eX5SypK35V8Y9d9pS6rWy,Room On Fire,B,major,B major
The Strokes,0epOFNiUfyON9EYx7Tpr6V,2yNaksHgeMQM9Quse463b5,album,,2001-07-30,2001,day,0.664,0.679,5,-8.293,1,0.03,0.149,4.84e-5,0.347,0.804,96.002,2pAD0PKMUMtxlMvz33tYzB,https://api.spotify.com/v1/audio-analysis/2pAD0PKMUMtxlMvz33tYzB,4,,,1,151333,FALSE,https://api.spotify.com/v1/tracks/2pAD0PKMUMtxlMvz33tYzB,Is This It,https://p.scdn.co/mp3-preview/a7307221831a0d0f29ac8952b08e93267915b6c5?cid=e3b6483c2c684a25a1191721925a2fa2,1,track,spotify:track:2pAD0PKMUMtxlMvz33tYzB,FALSE,https://open.spotify.com/track/2pAD0PKMUMtxlMvz33tYzB,Is This It,F,major,F major
The Strokes,0epOFNiUfyON9EYx7Tpr6V,2yNaksHgeMQM9Quse463b5,album,,2001-07-30,2001,day,0.53,0.89,2,-6.042,1,0.0328,0.0124,0.759,0.143,0.868,145.958,1EsgUWQsxGBwnu3NATDjiU,https://api.spotify.com/v1/audio-analysis/1EsgUWQsxGBwnu3NATDjiU,4,,,1,208306,FALSE,https://api.spotify.com/v1/tracks/1EsgUWQsxGBwnu3NATDjiU,The Modern Age,https://p.scdn.co/mp3-preview/5f4615c491caf9e03afc2489cf59bafa87e8981d?cid=e3b6483c2c684a25a1191721925a2fa2,2,track,spotify:track:1EsgUWQsxGBwnu3NATDjiU,FALSE,https://open.spotify.com/track/1EsgUWQsxGBwnu3NATDjiU,Is This It,D,major,D major
The Strokes,0epOFNiUfyON9EYx7Tpr6V,2yNaksHgeMQM9Quse463b5,album,,2001-07-30,2001,day,0.501,0.715,0,-7.382,1,0.0301,0.0774,0.00603,0.0653,0.502,148.971,7G8hUONVhvJnkD3Ak8mNF1,https://api.spotify.com/v1/audio-analysis/7G8hUONVhvJnkD3Ak8mNF1,4,,,1,153933,FALSE,https://api.spotify.com/v1/tracks/7G8hUONVhvJnkD3Ak8mNF1,Soma,https://p.scdn.co/mp3-preview/c0900221b1073d464c8bcf171bbd2ff5efd7ea13?cid=e3b6483c2c684a25a1191721925a2fa2,3,track,spotify:track:7G8hUONVhvJnkD3Ak8mNF1,FALSE,https://open.spotify.com/track/7G8hUONVhvJnkD3Ak8mNF1,Is This It,C,major,C major
The Strokes,0epOFNiUfyON9EYx7Tpr6V,2yNaksHgeMQM9Quse463b5,album,,2001-07-30,2001,day,0.427,0.886,0,-6.304,1,0.037,0.004,0.0532,0.0909,0.857,157.609,4KC2Z9dL4jL61Ys35N6srg,https://api.spotify.com/v1/audio-analysis/4KC2Z9dL4jL61Ys35N6srg,4,,,1,234733,TRUE,https://api.spotify.com/v1/tracks/4KC2Z9dL4jL61Ys35N6srg,Barely Legal,https://p.scdn.co/mp3-preview/c5e3ac2a096bc7003cb0615f188eb61b0bd2a5d2?cid=e3b6483c2c684a25a1191721925a2fa2,4,track,spotify:track:4KC2Z9dL4jL61Ys35N6srg,FALSE,https://open.spotify.com/track/4KC2Z9dL4jL61Ys35N6srg,Is This It,C,major,C major
The Strokes,0epOFNiUfyON9EYx7Tpr6V,2yNaksHgeMQM9Quse463b5,album,,2001-07-30,2001,day,0.542,0.531,9,-7.481,1,0.0301,0.0033,1.51e-6,0.338,0.671,105.97,56NkIxSZZiMpFP5ZNSxtnT,https://api.spotify.com/v1/audio-analysis/56NkIxSZZiMpFP5ZNSxtnT,4,,,1,183573,FALSE,https://api.spotify.com/v1/tracks/56NkIxSZZiMpFP5ZNSxtnT,Someday,https://p.scdn.co/mp3-preview/e0f3ec28017ca3d64a177dc92604ecda1c37102d?cid=e3b6483c2c684a25a1191721925a2fa2,5,track,spotify:track:56NkIxSZZiMpFP5ZNSxtnT,FALSE,https://open.spotify.com/track/56NkIxSZZiMpFP5ZNSxtnT,Is This It,A,major,A major
The Strokes,0epOFNiUfyON9EYx7Tpr6V,2yNaksHgeMQM9Quse463b5,album,,2001-07-30,2001,day,0.511,0.855,7,-5.752,1,0.0307,0.00782,0.89,0.0694,0.962,142.985,4pXyK9GW7fuT645U0DLYYF,https://api.spotify.com/v1/audio-analysis/4pXyK9GW7fuT645U0DLYYF,4,,,1,188800,FALSE,https://api.spotify.com/v1/tracks/4pXyK9GW7fuT645U0DLYYF,"Alone, Together",https://p.scdn.co/mp3-preview/8655c6f2741165413be0926dd7d0bec112403a8f?cid=e3b6483c2c684a25a1191721925a2fa2,6,track,spotify:track:4pXyK9GW7fuT645U0DLYYF,FALSE,https://open.spotify.com/track/4pXyK9GW7fuT645U0DLYYF,Is This It,G,major,G major
The Strokes,0epOFNiUfyON9EYx7Tpr6V,2yNaksHgeMQM9Quse463b5,album,,2001-07-30,2001,day,0.624,0.91,0,-5.703,1,0.0297,0.0285,1.98e-4,0.0789,0.767,104.042,7kzKAuUzOITUauHAhoMoxA,https://api.spotify.com/v1/audio-analysis/7kzKAuUzOITUauHAhoMoxA,4,,,1,193506,FALSE,https://api.spotify.com/v1/tracks/7kzKAuUzOITUauHAhoMoxA,Last Nite,https://p.scdn.co/mp3-preview/9757c503fb2174e4db5ff087bb14d5d7d0b8f62a?cid=e3b6483c2c684a25a1191721925a2fa2,7,track,spotify:track:7kzKAuUzOITUauHAhoMoxA,FALSE,https://open.spotify.com/track/7kzKAuUzOITUauHAhoMoxA,Is This It,C,major,C major
The Strokes,0epOFNiUfyON9EYx7Tpr6V,2yNaksHgeMQM9Quse463b5,album,,2001-07-30,2001,day,0.406,0.682,7,-6.281,1,0.0584,4.13e-4,0.849,0.0999,0.623,82.495,2LMloFiV7DHpBhITOaBSam,https://api.spotify.com/v1/audio-analysis/2LMloFiV7DHpBhITOaBSam,4,,,1,224426,FALSE,https://api.spotify.com/v1/tracks/2LMloFiV7DHpBhITOaBSam,Hard To Explain,https://p.scdn.co/mp3-preview/6388ca163a66361835b0bad85327961faa4f4bcf?cid=e3b6483c2c684a25a1191721925a2fa2,8,track,spotify:track:2LMloFiV7DHpBhITOaBSam,FALSE,https://open.spotify.com/track/2LMloFiV7DHpBhITOaBSam,Is This It,G,major,G major
The Strokes,0epOFNiUfyON9EYx7Tpr6V,2yNaksHgeMQM9Quse463b5,album,,2001-07-30,2001,day,0.522,0.853,0,-7.66,1,0.0362,0.071,2.82e-5,0.343,0.455,107.943,7xuu4ByQkm8qhnwJQk994r,https://api.spotify.com/v1/audio-analysis/7xuu4ByQkm8qhnwJQk994r,4,,,1,210746,TRUE,https://api.spotify.com/v1/tracks/7xuu4ByQkm8qhnwJQk994r,New York City Cops,https://p.scdn.co/mp3-preview/201d57f77b0f8ba03faf91b23804dd5f239d7b74?cid=e3b6483c2c684a25a1191721925a2fa2,9,track,spotify:track:7xuu4ByQkm8qhnwJQk994r,FALSE,https://open.spotify.com/track/7xuu4ByQkm8qhnwJQk994r,Is This It,C,major,C major
The Strokes,0epOFNiUfyON9EYx7Tpr6V,2yNaksHgeMQM9Quse463b5,album,,2001-07-30,2001,day,0.502,0.691,9,-9.453,0,0.0311,0.00911,0.0149,0.133,0.629,143.926,37cb7mzkQKksGm0noGDXeh,https://api.spotify.com/v1/audio-analysis/37cb7mzkQKksGm0noGDXeh,4,,,1,202960,FALSE,https://api.spotify.com/v1/tracks/37cb7mzkQKksGm0noGDXeh,Trying Your Luck,https://p.scdn.co/mp3-preview/c659c76aedeeab071dbc0403d6a106710b6e3ee0?cid=e3b6483c2c684a25a1191721925a2fa2,10,track,spotify:track:37cb7mzkQKksGm0noGDXeh,FALSE,https://open.spotify.com/track/37cb7mzkQKksGm0noGDXeh,Is This It,A,minor,A minor
The Strokes,0epOFNiUfyON9EYx7Tpr6V,2yNaksHgeMQM9Quse463b5,album,,2001-07-30,2001,day,0.429,0.924,2,-6.131,0,0.0406,5.42e-4,0.353,0.104,0.484,154.104,0J2OnBNKwt0KICDyDFPUvl,https://api.spotify.com/v1/audio-analysis/0J2OnBNKwt0KICDyDFPUvl,4,,,1,196133,FALSE,https://api.spotify.com/v1/tracks/0J2OnBNKwt0KICDyDFPUvl,Take It Or Leave It,https://p.scdn.co/mp3-preview/a25cc2f09e23c6690f5dfc56733411dd2f419cea?cid=e3b6483c2c684a25a1191721925a2fa2,11,track,spotify:track:0J2OnBNKwt0KICDyDFPUvl,FALSE,https://open.spotify.com/track/0J2OnBNKwt0KICDyDFPUvl,Is This It,D,minor,D minor
